[
  {
    "model": "gcampusauth.course",
    "pk": 1,
    "fields": {
      "created_at": "2022-11-04T12:07:09.008Z",
      "updated_at": "2022-11-04T12:07:58.405Z",
      "name": "Fortbildung 2022",
      "school_name": "desklab",
      "teacher_name": "Axel",
      "teacher_email": "no-reply@desk-lab.de",
      "email_verified": true,
      "new_email": null,
      "overview_document": ""
    }
  },
  {
    "model": "gcampusauth.coursetoken",
    "pk": 1,
    "fields": {
      "created_at": "2022-11-04T12:07:30.681Z",
      "updated_at": "2022-11-04T12:07:30.681Z",
      "deactivated": false,
      "last_login": null,
      "token": "ABCD12345678",
      "course": 1,
      "permissions": []
    }
  },
  {
    "model": "gcampusauth.accesskey",
    "pk": 1,
    "fields": {
      "created_at": "2022-11-04T12:07:58.433Z",
      "updated_at": "2022-11-04T12:07:58.433Z",
      "deactivated": false,
      "last_login": null,
      "token": "12345678",
      "course": 1,
      "permissions": []
    }
  },
  {
    "model": "gcampusauth.accesskey",
    "pk": 2,
    "fields": {
      "created_at": "2022-11-04T12:07:58.457Z",
      "updated_at": "2022-11-04T12:07:58.457Z",
      "deactivated": false,
      "last_login": null,
      "token": "ABCDEFGH",
      "course": 1,
      "permissions": []
    }
  },
  {
    "model": "gcampusauth.accesskey",
    "pk": 3,
    "fields": {
      "created_at": "2022-04-15T22:00:44.705Z",
      "updated_at": "2022-04-15T22:00:44.705Z",
      "deactivated": false,
      "last_login": null,
      "token": "KMHA41TA",
      "course": 1
    }
  },
  {
    "model": "gcampusauth.accesskey",
    "pk": 4,
    "fields": {
      "created_at": "2022-04-15T22:00:54.946Z",
      "updated_at": "2022-04-15T22:02:13.111Z",
      "deactivated": false,
      "last_login": "2022-04-16T22:06:03.332Z",
      "token": "4ML18P7K",
      "course": 1
    }
  },
  {
    "model": "gcampusauth.accesskey",
    "pk": 5,
    "fields": {
      "created_at": "2022-04-15T22:01:32.154Z",
      "updated_at": "2022-04-15T22:06:03.332Z",
      "deactivated": true,
      "last_login": null,
      "token": "LH2WCZDE",
      "course": 1
    }
  },
  {
    "model": "gcampusauth.course",
    "pk": 2,
    "fields": {
      "created_at": "2022-04-08T12:24:12.986Z",
      "updated_at": "2022-04-15T22:07:15.581Z",
      "name": "Testteam",
      "school_name": "desklab",
      "teacher_name": "Testteam",
      "teacher_email": "test@localhost",
      "email_verified": true,
      "new_email": null,
      "overview_document": null
    }
  },
  {
    "model": "gcampusauth.coursetoken",
    "pk": 2,
    "fields": {
      "created_at": "2022-03-29T11:11:33.877Z",
      "updated_at": "2022-04-15T10:18:09.554Z",
      "deactivated": false,
      "last_login": "2022-04-15T21:04:33.095Z",
      "token": "3GGABC5DN1E9",
      "course": 2
    }
  },

  {
    "model": "gcampusauth.accesskey",
    "pk": 6,
    "fields": {
      "created_at": "2022-03-29T11:11:33.959Z",
      "updated_at": "2022-04-15T10:18:09.604Z",
      "deactivated": false,
      "last_login": null,
      "token": "CWRNS7E2",
      "course": 2
    }
  },
  {
    "model": "gcampusauth.accesskey",
    "pk": 7,
    "fields": {
      "created_at": "2022-03-29T11:11:33.962Z",
      "updated_at": "2022-04-15T10:18:09.610Z",
      "deactivated": false,
      "last_login": null,
      "token": "EEFRKFNX",
      "course": 2
    }
  },
  {
    "model": "gcampusauth.accesskey",
    "pk": 8,
    "fields": {
      "created_at": "2022-03-29T11:11:33.965Z",
      "updated_at": "2022-04-15T10:18:09.617Z",
      "deactivated": false,
      "last_login": null,
      "token": "AFPKXLWF",
      "course": 2
    }
  },
  {
    "model": "gcampuscore.measurement",
    "pk": 1,
    "fields": {
      "created_at": "2022-11-04T12:19:43.240Z",
      "updated_at": "2022-11-04T12:22:21.521Z",
      "token": 2,
      "name": "",
      "location": "SRID=4326;POINT (9.36389426143694 47.662735809498)",
      "location_name": "Immenstaad am Bodensee",
      "water": 1,
      "time": "2022-06-02T08:14:00Z",
      "comment": "Team",
      "hidden": false,
      "requires_review": false,
      "data_quality_warning": false,
      "internal_comment": "",
      "search_vector": "'bodense':3A 'immenstaad':1A",
      "document": ""
    }
  },
  {
    "model": "gcampuscore.measurement",
    "pk": 2,
    "fields": {
      "created_at": "2022-11-04T13:00:48.449Z",
      "updated_at": "2022-11-04T13:00:48.449Z",
      "token": 2,
      "name": "Team",
      "location": "SRID=4326;POINT (9.171112566875195 48.99059457814283)",
      "location_name": "Hessigheim",
      "water": 2,
      "time": "2022-08-05T12:36:00Z",
      "comment": "",
      "hidden": false,
      "requires_review": false,
      "data_quality_warning": false,
      "internal_comment": null,
      "search_vector": "'hessigheim':2A 'team':1A",
      "document": ""
    }
  },
  {
    "model": "gcampuscore.measurement",
    "pk": 3,
    "fields": {
      "created_at": "2022-11-04T13:04:59.168Z",
      "updated_at": "2022-11-04T13:41:00.677Z",
      "token": 2,
      "name": "",
      "location": "SRID=4326;POINT (8.093370392946213 49.200798374518456)",
      "location_name": "Rheinland-Pfalz",
      "water": 3,
      "time": "2022-02-14T09:22:00Z",
      "comment": "",
      "hidden": false,
      "requires_review": false,
      "data_quality_warning": false,
      "internal_comment": "",
      "search_vector": "'pfalz':3A 'rheinland':2A 'rheinland-pfalz':1A",
      "document": ""
    }
  },
  {
    "model": "gcampuscore.measurement",
    "pk": 4,
    "fields": {
      "created_at": "2022-11-04T13:12:39.467Z",
      "updated_at": "2022-11-04T13:43:03.352Z",
      "token": 1,
      "name": "Axel",
      "location": "SRID=4326;POINT (8.459400135080699 49.48001875767795)",
      "location_name": "Mannheim",
      "water": 4,
      "time": "2022-06-20T10:04:00Z",
      "comment": "",
      "hidden": false,
      "requires_review": false,
      "data_quality_warning": false,
      "internal_comment": "",
      "search_vector": "'axel':1A 'mannheim':2A",
      "document": ""
    }
  },
  {
    "model": "gcampuscore.measurement",
    "pk": 5,
    "fields": {
      "created_at": "2022-11-04T13:49:05.844Z",
      "updated_at": "2022-11-04T13:49:05.844Z",
      "token": 1,
      "name": "Axel",
      "location": "SRID=4326;POINT (8.451121057258632 49.316821855541804)",
      "location_name": "Rheinland-Pfalz",
      "water": 4,
      "time": "2022-06-15T13:46:00Z",
      "comment": "",
      "hidden": false,
      "requires_review": true,
      "data_quality_warning": false,
      "internal_comment": null,
      "search_vector": "'axel':1A 'pfalz':4A 'rheinland':3A 'rheinland-pfalz':2A",
      "document": ""
    }
  },
  {
    "model": "gcampuscore.measurement",
    "pk": 6,
    "fields": {
      "created_at": "2022-11-04T13:51:51.989Z",
      "updated_at": "2022-11-04T15:11:20.982Z",
      "token": 1,
      "name": "Axel",
      "location": "SRID=4326;POINT (8.614471576102517 49.51767531475625)",
      "location_name": "Heddesheim",
      "water": 5,
      "time": "2022-06-28T10:10:00Z",
      "comment": "",
      "hidden": true,
      "requires_review": false,
      "data_quality_warning": false,
      "internal_comment": "",
      "search_vector": "'axel':1A 'heddesheim':2A",
      "document": ""
    }
  },
  {
    "model": "gcampuscore.measurement",
    "pk": 7,
    "fields": {
      "created_at": "2022-11-04T13:54:19.389Z",
      "updated_at": "2022-11-04T13:54:19.389Z",
      "token": 1,
      "name": "Jonas",
      "location": "SRID=4326;POINT (8.447173428960184 49.356372388834245)",
      "location_name": "Rheinland-Pfalz",
      "water": 6,
      "time": "2022-08-04T16:35:00Z",
      "comment": "",
      "hidden": false,
      "requires_review": false,
      "data_quality_warning": true,
      "internal_comment": null,
      "search_vector": "'jonas':1A 'pfalz':4A 'rheinland':3A 'rheinland-pfalz':2A",
      "document": ""
    }
  },
    {
    "model": "gcampuscore.parameter",
    "pk": 1,
    "fields": {
      "created_at": "2022-11-04T12:22:21.550Z",
      "updated_at": "2022-11-04T12:22:21.550Z",
      "parameter_type": 1,
      "value": 2.4,
      "measurement": 1,
      "comment": "",
      "hidden": false
    }
  },
  {
    "model": "gcampuscore.parameter",
    "pk": 2,
    "fields": {
      "created_at": "2022-11-04T12:22:21.738Z",
      "updated_at": "2022-11-04T12:22:21.738Z",
      "parameter_type": 6,
      "value": 0.35,
      "measurement": 1,
      "comment": "",
      "hidden": false
    }
  },
  {
    "model": "gcampuscore.parameter",
    "pk": 3,
    "fields": {
      "created_at": "2022-11-04T12:22:21.905Z",
      "updated_at": "2022-11-04T12:22:21.905Z",
      "parameter_type": 11,
      "value": 22.6,
      "measurement": 1,
      "comment": "Messung in 20cm Tiefe",
      "hidden": false
    }
  },
  {
    "model": "gcampuscore.parameter",
    "pk": 4,
    "fields": {
      "created_at": "2022-11-04T12:22:22.097Z",
      "updated_at": "2022-11-04T12:22:22.097Z",
      "parameter_type": 4,
      "value": 7.3,
      "measurement": 1,
      "comment": "",
      "hidden": false
    }
  },
  {
    "model": "gcampuscore.parameter",
    "pk": 5,
    "fields": {
      "created_at": "2022-11-04T12:22:22.359Z",
      "updated_at": "2022-11-04T12:22:22.359Z",
      "parameter_type": 6,
      "value": 8.1,
      "measurement": 1,
      "comment": "",
      "hidden": false
    }
  },
  {
    "model": "gcampuscore.parameter",
    "pk": 6,
    "fields": {
      "created_at": "2022-11-04T13:05:35.386Z",
      "updated_at": "2022-11-04T13:41:00.707Z",
      "parameter_type": 14,
      "value": 3.0,
      "measurement": 3,
      "comment": "",
      "hidden": false
    }
  },
  {
    "model": "gcampuscore.parameter",
    "pk": 7,
    "fields": {
      "created_at": "2022-11-04T13:05:35.569Z",
      "updated_at": "2022-11-04T13:05:35.569Z",
      "parameter_type": 15,
      "value": 12.0,
      "measurement": 3,
      "comment": "",
      "hidden": false
    }
  },
  {
    "model": "gcampuscore.parameter",
    "pk": 8,
    "fields": {
      "created_at": "2022-11-04T13:05:35.760Z",
      "updated_at": "2022-11-04T13:05:35.760Z",
      "parameter_type": 17,
      "value": 6.0,
      "measurement": 3,
      "comment": "",
      "hidden": false
    }
  },
  {
    "model": "gcampuscore.parameter",
    "pk": 9,
    "fields": {
      "created_at": "2022-11-04T13:05:35.983Z",
      "updated_at": "2022-11-04T13:05:35.983Z",
      "parameter_type": 18,
      "value": 26.0,
      "measurement": 3,
      "comment": "",
      "hidden": false
    }
  },
  {
    "model": "gcampuscore.parameter",
    "pk": 10,
    "fields": {
      "created_at": "2022-11-04T13:39:23.744Z",
      "updated_at": "2022-11-04T13:39:23.744Z",
      "parameter_type": 1,
      "value": 8.0,
      "measurement": 4,
      "comment": "",
      "hidden": false
    }
  },
  {
    "model": "gcampuscore.parameter",
    "pk": 11,
    "fields": {
      "created_at": "2022-11-04T13:39:23.935Z",
      "updated_at": "2022-11-04T13:39:23.935Z",
      "parameter_type": 4,
      "value": 6.7,
      "measurement": 4,
      "comment": "",
      "hidden": false
    }
  },
  {
    "model": "gcampuscore.parameter",
    "pk": 12,
    "fields": {
      "created_at": "2022-11-04T13:42:09.814Z",
      "updated_at": "2022-11-04T13:42:09.814Z",
      "parameter_type": 13,
      "value": 120.0,
      "measurement": 4,
      "comment": "",
      "hidden": false
    }
  },
  {
    "model": "gcampuscore.parameter",
    "pk": 13,
    "fields": {
      "created_at": "2022-11-04T13:42:10.076Z",
      "updated_at": "2022-11-04T13:42:10.076Z",
      "parameter_type": 17,
      "value": 5.0,
      "measurement": 4,
      "comment": "",
      "hidden": false
    }
  },
  {
    "model": "gcampuscore.parameter",
    "pk": 14,
    "fields": {
      "created_at": "2022-11-04T13:42:10.322Z",
      "updated_at": "2022-11-04T13:42:10.322Z",
      "parameter_type": 18,
      "value": 22.0,
      "measurement": 4,
      "comment": "",
      "hidden": false
    }
  },
  {
    "model": "gcampuscore.parameter",
    "pk": 15,
    "fields": {
      "created_at": "2022-11-04T13:42:10.723Z",
      "updated_at": "2022-11-04T13:42:10.723Z",
      "parameter_type": 20,
      "value": 3.0,
      "measurement": 4,
      "comment": "",
      "hidden": false
    }
  },
  {
    "model": "gcampuscore.parameter",
    "pk": 16,
    "fields": {
      "created_at": "2022-11-04T13:43:03.382Z",
      "updated_at": "2022-11-04T13:43:03.382Z",
      "parameter_type": 6,
      "value": 0.3,
      "measurement": 4,
      "comment": "",
      "hidden": false
    }
  },
  {
    "model": "gcampuscore.parameter",
    "pk": 17,
    "fields": {
      "created_at": "2022-11-04T13:43:03.843Z",
      "updated_at": "2022-11-04T13:43:03.843Z",
      "parameter_type": 11,
      "value": 21.0,
      "measurement": 4,
      "comment": "",
      "hidden": false
    }
  },
  {
    "model": "gcampuscore.parameter",
    "pk": 18,
    "fields": {
      "created_at": "2022-11-04T13:49:40.527Z",
      "updated_at": "2022-11-04T13:49:40.527Z",
      "parameter_type": 11,
      "value": 19.0,
      "measurement": 5,
      "comment": "",
      "hidden": false
    }
  },
  {
    "model": "gcampuscore.parameter",
    "pk": 19,
    "fields": {
      "created_at": "2022-11-04T13:49:40.732Z",
      "updated_at": "2022-11-04T13:49:40.732Z",
      "parameter_type": 6,
      "value": 98.12,
      "measurement": 5,
      "comment": "",
      "hidden": false
    }
  },
  {
    "model": "gcampuscore.parameter",
    "pk": 20,
    "fields": {
      "created_at": "2022-11-04T13:52:07.766Z",
      "updated_at": "2022-11-04T13:52:07.766Z",
      "parameter_type": 4,
      "value": 7.6,
      "measurement": 6,
      "comment": "",
      "hidden": false
    }
  },
  {
    "model": "gcampuscore.parameter",
    "pk": 21,
    "fields": {
      "created_at": "2022-11-04T13:52:32.528Z",
      "updated_at": "2022-11-04T13:52:32.528Z",
      "parameter_type": 6,
      "value": 12.04,
      "measurement": 6,
      "comment": "",
      "hidden": false
    }
  },
  {
    "model": "gcampuscore.parameter",
    "pk": 22,
    "fields": {
      "created_at": "2022-11-04T13:52:51.908Z",
      "updated_at": "2022-11-04T13:52:51.908Z",
      "parameter_type": 13,
      "value": 80.0,
      "measurement": 6,
      "comment": "",
      "hidden": false
    }
  },
  {
    "model": "gcampuscore.parameter",
    "pk": 23,
    "fields": {
      "created_at": "2022-11-04T13:54:48.983Z",
      "updated_at": "2022-11-04T13:54:48.983Z",
      "parameter_type": 5,
      "value": 24.6,
      "measurement": 7,
      "comment": "",
      "hidden": false
    }
  },
  {
    "model": "gcampuscore.parameter",
    "pk": 24,
    "fields": {
      "created_at": "2022-11-04T13:54:49.167Z",
      "updated_at": "2022-11-04T13:54:49.167Z",
      "parameter_type": 2,
      "value": 1000.2,
      "measurement": 7,
      "comment": "",
      "hidden": false
    }
  },
  {
    "model": "gcampuscore.parameter",
    "pk": 25,
    "fields": {
      "created_at": "2022-11-04T13:54:49.318Z",
      "updated_at": "2022-11-04T13:54:49.318Z",
      "parameter_type": 6,
      "value": 0.8,
      "measurement": 7,
      "comment": "",
      "hidden": false
    }
  },
  {
    "model": "gcampuscore.structureindex",
    "pk": 2,
    "fields": {
      "value": 3.111111111111111,
      "classification": "III",
      "description": "verändert",
      "validity": "0.90",
      "measurement": 2,
      "utilization": "mixed",
      "margin": "tiny",
      "course": "stretched",
      "bank_vegetation": "sparse",
      "bank_structure": "straight",
      "cross_section": "deep",
      "flow": "mixed",
      "depth_variance": "unknown",
      "riverbed": "mixed",
      "continuity": "natural"
    }
  },
  {
    "model": "gcampuscore.structureindex",
    "pk": 4,
    "fields": {
      "value": 3.875,
      "classification": "IV",
      "description": "beeinträchtigt",
      "validity": "0.80",
      "measurement": 4,
      "utilization": "artificial",
      "margin": "tiny",
      "course": "straight",
      "bank_vegetation": "non-native",
      "bank_structure": "fixed",
      "cross_section": "deep",
      "flow": "uniform",
      "depth_variance": "unknown",
      "riverbed": "unknown",
      "continuity": "natural"
    }
  },
  {
    "model": "gcampuscore.water",
    "pk": 1,
    "fields": {
      "created_at": "2022-11-04T12:19:12.605Z",
      "updated_at": "2022-11-04T12:19:12.605Z",
      "search_vector": "'bodense':1A",
      "geometry": "SRID=4326;POINT (0 0)",
      "tags": {
        "ele": "395.23",
        "name": "Bodensee",
        "sqkm": "536 (both)",
        "type": "multipolygon",
        "water": "lake",
        "name:en": "Lake Constance",
        "natural": "water",
        "alt_name": "Konstanzer See",
        "name:gsw": "Bodäsee",
        "reg_name": "Badisches Meer",
        "wikidata": "Q4127",
        "wikipedia": "de:Bodensee",
        "alt_name:nl": "Meer van Konstanz",
        "description": "Im Obersee (473 km²) keine anerkannte Grenzziehung zwischen den Anrainerstaaten.",
        "TMC:cid_58:tabcd_1:Class": "Area",
        "TMC:cid_58:tabcd_1:LCLversion": "9.00",
        "TMC:cid_58:tabcd_1:LocationCode": "35114"
      },
      "osm_id": 1156846,
      "osm_element_type": "relation",
      "flow_type": "standing",
      "water_type": "lake",
      "name": "Bodensee",
      "requires_update": false,
      "internal_comment": null
    }
  },
  {
    "model": "gcampuscore.water",
    "pk": 2,
    "fields": {
      "created_at": "2022-11-04T13:00:43.351Z",
      "updated_at": "2022-11-04T13:00:43.351Z",
      "search_vector": "'neckar':1A",
      "geometry": "SRID=4326;POINT (0 0)",
      "tags": {
        "name": "Neckar",
        "type": "waterway",
        "name:de": "Neckar",
        "name:en": "Neckar",
        "name:fr": "Neckar",
        "name:la": "Nicrum",
        "name:pfl": "Negga",
        "ref:fgkz": "238",
        "waterway": "river",
        "wikidata": "Q1673",
        "wikipedia": "de:Neckar",
        "alt_name:la": "Nicer",
        "destination": "Rhein",
        "alt_name:pfl": "Negger"
      },
      "osm_id": 123881,
      "osm_element_type": "relation",
      "flow_type": "running",
      "water_type": "river",
      "name": "Neckar",
      "requires_update": false,
      "internal_comment": null
    }
  },
  {
    "model": "gcampuscore.water",
    "pk": 3,
    "fields": {
      "created_at": "2022-11-04T13:04:53.250Z",
      "updated_at": "2022-11-04T13:04:53.250Z",
      "search_vector": "'queich':1A",
      "geometry": "SRID=4326;POINT (0 0)",
      "tags": {
        "name": "Queich",
        "type": "waterway",
        "ref:fgkz": "23772",
        "waterway": "river",
        "wikidata": "Q220040",
        "wikipedia": "de:Queich",
        "destination": "Rhein"
      },
      "osm_id": 10783991,
      "osm_element_type": "relation",
      "flow_type": "running",
      "water_type": "river",
      "name": "Queich",
      "requires_update": false,
      "internal_comment": null
    }
  },
  {
    "model": "gcampuscore.water",
    "pk": 4,
    "fields": {
      "created_at": "2022-11-04T13:12:29.244Z",
      "updated_at": "2022-11-04T13:12:29.244Z",
      "search_vector": "'rhein':1A",
      "geometry": "SRID=4326;POINT (0 0)",
      "tags": {
        "name": "Rhein",
        "note": "Don't map tributaries! If you need them, get them by looking at the data (connected waterways). see here http://www.h-renrew.de/h/osm/osmchecks/07_watershed/index.html",
        "type": "waterway",
        "name:en": "Rhine",
        "ref:fgkz": "2",
        "waterway": "river",
        "wikidata": "Q584",
        "ref:gwlnr": "CH0000010000",
        "wikipedia": "de:Rhein",
        "ref:sandre": "A---0000",
        "destination": "North Sea",
        "order:classic": "1",
        "short_name:ar": "راين",
        "TMC:cid_58:tabcd_1:Class": "Area",
        "TMC:cid_58:tabcd_1:LCLversion": "9.00",
        "TMC:cid_58:tabcd_1:LocationCode": "6041"
      },
      "osm_id": 123924,
      "osm_element_type": "relation",
      "flow_type": "running",
      "water_type": "river",
      "name": "Rhein",
      "requires_update": false,
      "internal_comment": null
    }
  },
  {
    "model": "gcampuscore.water",
    "pk": 5,
    "fields": {
      "created_at": "2022-11-04T13:51:46.950Z",
      "updated_at": "2022-11-04T13:51:46.950Z",
      "search_vector": "'badese':1A 'heddesheim':2A",
      "geometry": "SRID=4326;POINT (0 0)",
      "tags": {
        "boat": "no",
        "name": "Badesee Heddesheim",
        "ship": "no",
        "canoe": "no",
        "depth": "31m",
        "water": "lake",
        "natural": "water",
        "motorboat": "no"
      },
      "osm_id": 157469260,
      "osm_element_type": "way",
      "flow_type": "standing",
      "water_type": "lake",
      "name": "Badesee Heddesheim",
      "requires_update": false,
      "internal_comment": null
    }
  },
  {
    "model": "gcampuscore.water",
    "pk": 6,
    "fields": {
      "created_at": "2022-11-04T13:54:12.594Z",
      "updated_at": "2022-11-04T13:54:12.595Z",
      "search_vector": "'speyerlachse':1A",
      "geometry": "SRID=4326;POINT (0 0)",
      "tags": {
        "name": "Speyerlachsee",
        "water": "lake",
        "natural": "water",
        "wikidata": "Q22827",
        "wikipedia": "de:Speyerlachsee"
      },
      "osm_id": 4376689,
      "osm_element_type": "way",
      "flow_type": "standing",
      "water_type": "lake",
      "name": "Speyerlachsee",
      "requires_update": false,
      "internal_comment": null
    }
  }
]
