[
  {
    "model": "gcampuscore.ParameterType",
    "pk": 1,
    "fields": {
      "name": "Nitrat",
      "short_name": "NO<sub>3</sub>",
      "unit": "mg/L",
      "identifier": "no3",
      "color": "B79219",
      "category": "chemical",
      "upper_warning_limit": 1000
    }
  },
  {
    "model": "gcampuscore.ParameterType",
    "pk": 2,
    "fields": {
      "name": "Nitrit",
      "short_name": "NO<sub>2</sub>",
      "unit": "mg/L",
      "identifier": "no2",
      "color": "4D2E2E",
      "category": "chemical",
      "upper_warning_limit": 1000
    }
  },
  {
    "model": "gcampuscore.ParameterType",
    "pk": 4,
    "fields": {
      "name": "pH-Wert",
      "short_name": "pH",
      "unit": "",
      "identifier": "ph",
      "color": "4B8552",
      "category": "chemical",
      "lower_warning_limit": 4,
      "upper_warning_limit": 10
    }
  },
  {
    "model": "gcampuscore.ParameterType",
    "pk": 5,
    "fields": {
      "name": "Sulfat",
      "short_name": "SO<sub>4</sub>",
      "unit": "mg/L",
      "identifier": "so4",
      "color": "1B4154",
      "category": "chemical",
      "upper_warning_limit": 1000
    }
  },
  {
    "model": "gcampuscore.ParameterType",
    "pk": 6,
    "fields": {
      "name": "Ammonium",
      "short_name": "NH<sub>4</sub>",
      "unit": "mg/L",
      "identifier": "nh4",
      "color": "339D8F",
      "category": "chemical",
      "upper_warning_limit": 1000
    }
  },
  {
    "model": "gcampuscore.ParameterType",
    "pk": 8,
    "fields": {
      "name": "Phosphat",
      "short_name": "PO<sub>4</sub>",
      "unit": "mg/L",
      "identifier": "po4",
      "color": "996637",
      "category": "chemical",
      "upper_warning_limit": 1000
    }
  },
  {
    "model": "gcampuscore.ParameterType",
    "pk": 9,
    "fields": {
      "name": "Biologischer Sauerstoffbedarf",
      "short_name": "BSB<sub>5</sub>",
      "unit": "mg/L",
      "identifier": "bod5",
      "color": "775F13",
      "category": "chemical",
      "upper_warning_limit": 1000
    }
  },
  {
    "model": "gcampuscore.ParameterType",
    "pk": 10,
    "fields": {
      "name": "Sauerstoffsättigung",
      "short_name": "O<sub>2</sub>",
      "unit": "%",
      "identifier": "o2",
      "color": "28472C",
      "category": "chemical",
      "upper_warning_limit": 200
    }
  },
  {
    "model": "gcampuscore.ParameterType",
    "pk": 11,
    "fields": {
      "name": "Leitfähigkeit",
      "short_name": "",
      "unit": "µS/cm",
      "identifier": "conductivity",
      "color": "854B4B",
      "category": "chemical",
      "upper_warning_limit": 20000
    }
  },
  {
    "model": "gcampuscore.ParameterType",
    "pk": 12,
    "fields": {
      "name": "Temperatur",
      "short_name": "T",
      "unit": "°C",
      "identifier": "temp",
      "color": "337A9D",
      "category": "chemical",
      "upper_warning_limit": 80
    }
  },
  {
    "model": "gcampuscore.ParameterType",
    "pk": 13,
    "fields": {
      "name": "Chlorophyll",
      "short_name": "Chl",
      "unit": "mg/L",
      "identifier": "chlorophyll",
      "color": "5C432B",
      "category": "chemical",
      "upper_warning_limit": 1000
    }
  },
   {
    "model": "gcampuscore.ParameterType",
    "pk": 14,
    "fields": {
      "name": "Sichttiefe",
      "short_name": "d",
      "unit": "cm",
      "identifier": "visdepth",
      "color": "B7AF19",
      "category": "chemical",
      "upper_warning_limit": 2000
    }
  },
  {
    "model": "gcampuscore.ParameterType",
    "pk": 15,
    "fields": {
      "name": "Steinfliegelarven",
      "short_name": "plecoptera",
      "unit": "",
      "identifier": "plecoptera",
      "color": "",
      "category": "biological",
      "upper_warning_limit": 1000
    }
  },
  {
    "model": "gcampuscore.ParameterType",
    "pk": 16,
    "fields": {
      "name": "Libellenlarven",
      "short_name": "odonata",
      "unit": "",
      "identifier": "odonata",
      "color": "",
      "category": "biological",
      "upper_warning_limit": 1000
    }
  },
  {
    "model": "gcampuscore.ParameterType",
    "pk": 17,
    "fields": {
      "name": "Egel",
      "short_name": "hirudinea",
      "unit": "",
      "identifier": "hirudinea",
      "color": "",
      "category": "biological",
      "upper_warning_limit": 1000
    }
  },
  {
    "model": "gcampuscore.ParameterType",
    "pk": 18,
    "fields": {
      "name": "Schnecken",
      "short_name": "gastropoda",
      "unit": "",
      "identifier": "gastropoda",
      "color": "",
      "category": "biological",
      "upper_warning_limit": 1000
    }
  },
  {
    "model": "gcampuscore.ParameterType",
    "pk": 19,
    "fields": {
      "name": "Mückenlarven",
      "short_name": "diptera",
      "unit": "",
      "identifier": "diptera",
      "color": "",
      "category": "biological",
      "upper_warning_limit": 1000
    }
  },
  {
    "model": "gcampuscore.ParameterType",
    "pk": 20,
    "fields": {
      "name": "Flohkrebse",
      "short_name": "amphipoda",
      "unit": "",
      "identifier": "amphipoda",
      "color": "",
      "category": "biological",
      "upper_warning_limit": 1000
    }
  },
  {
    "model": "gcampuscore.ParameterType",
    "pk": 21,
    "fields": {
      "name": "Köcherfliegelarven",
      "short_name": "trichoptera",
      "unit": "",
      "identifier": "trichoptera",
      "color": "",
      "category": "biological",
      "upper_warning_limit": 1000
    }
  },
  {
    "model": "gcampustools.MeasurementKit",
    "pk": 1,
    "fields": {
      "name": "GewässerCampus Kit",
      "short_name": "GC Kit",
      "identifier": "gcampus",
      "color": "000000"
    }
  },
  {
    "model": "gcampustools.MeasurementKit",
    "pk": 2,
    "fields": {
      "name": "JBL Pro Auqatest Lab",
      "short_name": "JBL",
      "identifier": "jblpal",
      "color": "000000"
    }
  },
  {
    "model": "gcampustools.MeasurementKit",
    "pk": 3,
    "fields": {
      "name": "VISOCOLOR School Analysekoffer",
      "short_name": "VC",
      "identifier": "vcsa",
      "color": "000000"
    }
  },
  {
    "model": "gcampustools.MeasurementKit",
    "pk": 4,
    "fields": {
      "name": "MQuant Kompaktlabor für Wasseruntersuchungen",
      "short_name": "MQ",
      "identifier": "mqkl",
      "color": "000000"
    }
  },
  {
    "model": "gcampustools.calibration",
    "pk": 1,
    "fields": {
      "name": "Ammonium",
      "parameter_type": 6,
      "calibration_formula": "1.110617*od",
      "x_max": 1.6,
      "x_min": 0.0,
      "measurement_kit": 1
    }
  },
  {
    "model": "gcampustools.calibration",
    "pk": 2,
    "fields": {
      "name": "Sulfat",
      "parameter_type": 5,
      "calibration_formula": "250*od",
      "x_max": 350,
      "x_min": 0.0,
      "measurement_kit": 1
    }
  },
  {
    "model": "gcampustools.calibration",
    "pk": 3,
    "fields": {
      "name": "Nitrit",
      "parameter_type": 2,
      "calibration_formula": "0.955748*od",
      "x_max": 1.8,
      "x_min": 0.0,
      "measurement_kit": 1
    }
  },
  {
    "model": "gcampustools.calibration",
    "pk": 4,
    "fields": {
      "name": "Nitrat (0 - 4 mg/L)",
      "parameter_type": 1,
      "calibration_formula": "5.405405*od",
      "x_max": 4.0,
      "x_min": 0.0,
      "measurement_kit": 1
    }
  },
  {
    "model": "gcampustools.calibration",
    "pk": 5,
    "fields": {
      "name": "Nitrat (0 - 50 mg/L)",
      "parameter_type": 1,
      "calibration_formula": "68.027210*od",
      "x_max": 50.0,
      "x_min": 0.0,
      "measurement_kit": 1
    }
  },
  {
    "model": "gcampustools.calibration",
    "pk": 6,
    "fields": {
      "name": "pH-Wert 4,25 - 6,25",
      "parameter_type": 4,
      "calibration_formula": "(od-2.9331)/(-0.4604)",
      "x_max": 6.25,
      "x_min": 4.25,
      "measurement_kit": 1
    }
  },
  {
    "model": "gcampustools.calibration",
    "pk": 7,
    "fields": {
      "name": "pH-Wert 6 - 9",
      "parameter_type": 4,
      "calibration_formula": "(od+1.0958)/(0.1817)",
      "x_max": 9.0,
      "x_min": 6.0,
      "measurement_kit": 1
    }
  },
  {
    "model": "gcampustools.calibration",
    "pk": 8,
    "fields": {
      "name": "Ammonium",
      "parameter_type": 6,
      "calibration_formula": "10.101010*od",
      "x_max": 5,
      "x_min": 0,
      "measurement_kit": 2
    }
  },
  {
    "model": "gcampustools.calibration",
    "pk": 9,
    "fields": {
      "name": "Nitrat",
      "parameter_type": 1,
      "calibration_formula": "66.666667*od",
      "x_max": 80,
      "x_min": 0,
      "measurement_kit": 2
    }
  },
  {
    "model": "gcampustools.calibration",
    "pk": 10,
    "fields": {
      "name": "Nitrit",
      "parameter_type": 2,
      "calibration_formula": "2.597403*od",
      "x_max": 1,
      "x_min": 0,
      "measurement_kit": 2
    }
  },
  {
    "model": "gcampustools.calibration",
    "pk": 11,
    "fields": {
      "name": "Phosphat",
      "parameter_type": 8,
      "calibration_formula": "4.629630*od",
      "x_max": 2,
      "x_min": 0,
      "measurement_kit": 2
    }
  },
  {
    "model": "gcampustools.calibration",
    "pk": 12,
    "fields": {
      "name": "Ammonium",
      "parameter_type": 6,
      "calibration_formula": "2.631579*od",
      "x_max": 2,
      "x_min": 0,
      "measurement_kit": 3
    }
  },
  {
    "model": "gcampustools.calibration",
    "pk": 13,
    "fields": {
      "name": "Nitrat",
      "parameter_type": 1,
      "calibration_formula": "50.251256*od",
      "x_max": 50,
      "x_min": 0,
      "measurement_kit": 3
    }
  },
  {
    "model": "gcampustools.calibration",
    "pk": 14,
    "fields": {
      "name": "Nitrit",
      "parameter_type": 2,
      "calibration_formula": "0.787402*od",
      "x_max": 1,
      "x_min": 0,
      "measurement_kit": 3
    }
  },
  {
    "model": "gcampustools.calibration",
    "pk": 15,
    "fields": {
      "name": "Phosphat",
      "parameter_type": 8,
      "calibration_formula": "19.607843*od",
      "x_max": 15,
      "x_min": 0,
      "measurement_kit": 3
    }
  },
  {
    "model": "gcampustools.calibration",
    "pk": 16,
    "fields": {
      "name": "Ammonium",
      "parameter_type": 6,
      "calibration_formula": "2.652520*od",
      "x_max": 1.5,
      "x_min": 0,
      "measurement_kit": 4
    }
  },
  {
    "model": "gcampustools.calibration",
    "pk": 17,
    "fields": {
      "name": "Nitrat",
      "parameter_type": 1,
      "calibration_formula": "166.666667*od",
      "x_max": 150,
      "x_min": 0,
      "measurement_kit": 4
    }
  },
  {
    "model": "gcampustools.calibration",
    "pk": 18,
    "fields": {
      "name": "Nitrit",
      "parameter_type": 2,
      "calibration_formula": "0.849618*od",
      "x_max": 1,
      "x_min": 0,
      "measurement_kit": 4
    }
  },
  {
    "model": "gcampustools.calibration",
    "pk": 19,
    "fields": {
      "name": "Phosphat",
      "parameter_type": 8,
      "calibration_formula": "3.571429*od",
      "x_max": 3,
      "x_min": 0,
      "measurement_kit": 4
    }
  }
]